variable,label,irr,irr_low,irr_high,p,coef,es_alpha,fuente
const,Intercepto,0.03319233472654501,0.02060463850844987,0.05347005161712451,1.5915179511030863e-44,-3.405436311447556,False,onsv
carriles,Carriles (+1),1.243591059759818,1.141694967612603,1.3545813617348872,5.791664773308059e-07,0.21800321017679614,False,onsv
vel_proy,Vel. proyecto (+10 km/h),1.0199783682787742,1.015593484012526,1.0243821845393006,2.273995099779134e-19,0.01978141950146684,False,onsv
topografia_ondulado,Terreno ondulado,0.3978246889793888,0.33927033379652316,0.4664848865225754,7.685424459445836e-30,-0.9217438506887747,False,onsv
topografia_montanoso,Terreno montañoso,0.35619297804257344,0.29317606549568587,0.43275510022391017,2.7078265167922685e-25,-1.0322826218453889,False,onsv
sup_buena,Superficie buena,1.6749510627962114,1.3037083766187907,2.151908442928173,5.472922953883751e-05,0.5157839486091592,False,onsv
sup_regular,Superficie regular,1.2248750211077921,0.89870429458249,1.6694243327621079,0.19916573185720232,0.2028388152064545,False,onsv
dist_ingemmet_km_log,Dist. INGEMMET (log),0.7302470949836871,0.6630977135195223,0.8041964387144799,1.6843326574085325e-10,-0.3143723158342334,False,onsv
dist_peajes_km_log,Dist. peaje (log),0.977475159811628,0.9029638394936081,1.0581350506622709,0.5733300896581117,-0.022782399402919255,False,onsv
dist_cinemometros_km_log,Dist. cinemómetro (log),0.8178086978015339,0.7694667448827913,0.8691877467709366,9.821949699389639e-11,-0.20112683549854918,False,onsv
es_panamericana,Vía panamericana,1.0125586434693297,0.8666464663463472,1.1830371971478242,0.8750863820868544,0.012480437797170152,False,onsv
const,Intercepto,0.008560171018638492,0.004491937573968854,0.01631289987042158,1.8791218854765441e-47,-4.760635110215152,False,sutran
carriles,Carriles (+1),1.413402213423925,1.285282238307094,1.554293490854525,9.554042817282104e-13,0.3459997153013552,False,sutran
vel_proy,Vel. proyecto (+10 km/h),1.0296542972716456,1.0236313984995098,1.03571263390713,1.62144018285822e-22,0.0292231121870934,False,sutran
topografia_ondulado,Terreno ondulado,1.4487037679213441,1.1906254685605377,1.7627227559031409,0.0002130429376751066,0.3706692034603705,False,sutran
topografia_montanoso,Terreno montañoso,1.3660204593212946,1.0657109420179431,1.7509549932470738,0.013800800447486949,0.31190173857764725,False,sutran
sup_buena,Superficie buena,4.237372378341714,2.9580266259300805,6.070034838542974,3.4350874443357452e-15,1.4439433550475413,False,sutran
sup_regular,Superficie regular,2.141412282160933,1.3930564012699174,3.2917881558918918,0.0005183656878290591,0.7614655563008776,False,sutran
dist_ingemmet_km_log,Dist. INGEMMET (log),1.1413398433067115,1.024067468946022,1.2720418111319292,0.016853464447650485,0.1322028734269341,False,sutran
dist_peajes_km_log,Dist. peaje (log),1.0360702277052072,0.9464210626859412,1.1342113558744087,0.4428472842253962,0.03543492890007067,False,sutran
dist_cinemometros_km_log,Dist. cinemómetro (log),0.7493093369864253,0.6989722988154065,0.8032714364311526,4.149842437425741e-16,-0.2886033807440594,False,sutran
es_panamericana,Vía panamericana,1.2831108667933016,1.0708024474265436,1.5375137593678294,0.00690855513740452,0.24928749405396566,False,sutran
const,Intercepto,0.02471288016102999,0.014559870530018993,0.04194587064454019,8.994238507370824e-43,-3.700430707254003,False,total
carriles,Carriles (+1),1.3166770628345157,1.2110278037053896,1.4315430929744986,1.1435982231058295e-10,0.27511118603743184,False,total
vel_proy,Vel. proyecto (+10 km/h),1.0271374687816508,1.0222155571925475,1.0320830791038835,8.703581474054135e-28,0.02677577669330538,False,total
topografia_ondulado,Terreno ondulado,1.1126650110457885,0.9432968140883833,1.3124431338210016,0.20511359661033923,0.10675804859480208,False,total
topografia_montanoso,Terreno montañoso,0.9771541540982484,0.7937752364460541,1.2028974916709367,0.8274799566963383,-0.023110856276026864,False,total
sup_buena,Superficie buena,3.3683654691488356,2.514723057171999,4.511783475081181,3.8211749631067005e-16,1.2144276027106433,False,total
sup_regular,Superficie regular,2.0475168463750264,1.443062125651308,2.9051592177969328,5.9535931357779255e-05,0.7166277644890301,False,total
dist_ingemmet_km_log,Dist. INGEMMET (log),1.0479526132727566,0.9542853588350778,1.150813715727346,0.32685825808629765,0.04683836853377122,False,total
dist_peajes_km_log,Dist. peaje (log),1.0061857716575884,0.9306424254844822,1.0878612229171984,0.8769295918487364,0.006166718304844821,False,total
dist_cinemometros_km_log,Dist. cinemómetro (log),0.7648943748546194,0.7204354226119202,0.812096943488851,1.7499873874047177e-18,-0.2680175267738939,False,total
es_panamericana,Vía panamericana,1.2484552322064804,1.0689936183841071,1.4580446880307671,0.00506964346715849,0.22190697283127178,False,total
const,Intercepto,0.00791816083565615,0.004522844107597181,0.013862355086261782,2.5161454718093755e-64,-4.838596317842695,False,ositran
carriles,Carriles (+1),1.312171378965138,1.1966852214574193,1.4388025329487508,7.474735098350622e-09,0.27168330620253106,False,ositran
vel_proy,Vel. proyecto (+10 km/h),1.0387277914185127,1.0333843989207736,1.04409881336703,2.9098269390747653e-47,0.0379966868564484,False,ositran
topografia_ondulado,Terreno ondulado,1.4418827118415005,1.1936260919985422,1.7417730465546317,0.00014711455291006086,0.36594969841289615,False,ositran
topografia_montanoso,Terreno montañoso,2.347914583949411,1.87565780726615,2.939077091869615,9.381113281005864e-14,0.8535275230883933,False,ositran
sup_buena,Superficie buena,1.6505409484115454,1.260022972569154,2.1620918679193104,0.0002748355313356422,0.5011030817043823,False,ositran
sup_regular,Superficie regular,0.6309071335820217,0.44607677206544005,0.8923213135748959,0.009211926005743191,-0.4605966006760782,False,ositran
dist_ingemmet_km_log,Dist. INGEMMET (log),1.2292627620649557,1.1066567408775283,1.3654522512566458,0.00011792737380756818,0.20641460924906832,False,ositran
dist_peajes_km_log,Dist. peaje (log),0.8140045026200476,0.7460913289961104,0.888099492025011,3.6599035222772887e-06,-0.20578938152063536,False,ositran
dist_cinemometros_km_log,Dist. cinemómetro (log),0.884069105642646,0.8229490300878016,0.9497285432955674,0.0007487630319699661,-0.123220045596008,False,ositran
es_panamericana,Vía panamericana,1.9687767455009384,1.655846132897305,2.3408466503123204,1.7180404061075248e-14,0.6774124085158802,False,ositran
