id,ruta,km0,km1,region,siniestros,fallecidos,onsv_n,sutran_n,ositran_n,siniestros_km,prior_km_region_loo,pred_km,eb_km,w_eb,exceso_eb,exceso_relativo,p95_region,fuente_dominante,criterios,lat,lon
1105,PE-22,133.889,134.109,SIERRA,21,1000000000000000,0,21,0,95.45454545454595,0.6906642165880116,0.6906642165880116,23.053879991655233,0.23598881222384518,32.37928828214813,137.20687848301483,5.026490400963105,SUTRAN,"{'p95': True, 'eb': True, 'residual': True, 'n': 3}",-11.595827499499933,-76.18601352749994
3738,PE-34J,0.0,0.093,SIERRA,14,10000100000001,0,14,0,150.53763440860214,0.6910712446933298,0.6910712446933298,17.997214913506866,0.11549242974550779,25.04248845789166,216.83229379686438,5.026490400963105,SUTRAN,"{'p95': True, 'eb': True, 'residual': True, 'n': 3}",-15.767173013999953,-71.00525053799993
1212,PE-08B,312.715,312.758,SELVA,6,0,0,6,0,139.53488372090956,0.344529844968653,0.344529844968653,8.26932873877734,0.05693497195123152,23.001777667562365,404.00086061805507,3.547021890759571,SUTRAN,"{'p95': True, 'eb': True, 'residual': True, 'n': 3}",-6.225330352999947,-77.91172599799992
3511,PE-3S,31.234,31.375,SIERRA,13,10,0,13,0,92.19858156028484,0.6911320828900845,0.6911320828900845,15.812827850042265,0.1652509806962516,21.879603250247445,132.4022596299408,5.026490400963105,SUTRAN,"{'p95': True, 'eb': True, 'residual': True, 'n': 3}",-11.699587091999945,-75.76518918699995
1352,PE-5N,10.324,10.415,SELVA,6,0,0,6,0,65.93406593406644,0.344532187763809,0.344532187763809,7.775177098840536,0.11329010112830087,21.567346027392773,190.37273170908185,3.547021890759571,SUTRAN,"{'p95': True, 'eb': True, 'residual': True, 'n': 3}",-10.88860456599994,-75.28710762699993
3627,PE-5N,482.247,483.247,SELVA,12,1000000010,0,11,1,12.0,0.34372645381696465,0.34372645381696465,7.151312959677375,0.5840276893715851,19.805244636438342,33.91148227535037,3.547021890759571,SUTRAN,"{'p95': True, 'eb': True, 'residual': True, 'n': 3}",-9.187261517499934,-75.95737338149993
2406,PE-18C,25.156,26.292,SELVA,10,100000000,0,10,0,8.802816901408429,0.34401645158081795,0.34401645158081795,5.543102004414011,0.6146362694889141,15.112898028400828,24.588360268696132,3.547021890759571,SUTRAN,"{'p95': True, 'eb': True, 'residual': True, 'n': 3}",-8.644920348999932,-74.96146086199994
2743,PE-10A,41.082,65.573,SIERRA,256,135,15,5,236,10.45281940304602,0.6777949063730477,0.6777949063730477,10.176575734200902,0.971739848944712,14.014240500355536,14.421802826728461,5.026490400963105,OSITRAN,"{'p95': True, 'eb': True, 'residual': True, 'n': 3}",-7.981359760499942,-78.66921195799992
1980,PE-5N,638.95,639.108,SELVA,4,0,0,4,0,25.31645569621827,0.34481879304922375,0.34481879304922375,4.878607457489909,0.18155752792742716,13.14832241116706,72.41959373021842,3.547021890759571,SUTRAN,"{'p95': True, 'eb': True, 'residual': True, 'n': 3}",-8.186468884999925,-76.51871024049993
3131,PE-10A,96.316,122.122,SIERRA,253,5,4,0,249,9.803921568627452,0.6780243920233359,0.6780243920233359,9.55881117083357,0.9731412273171051,13.098034352877058,13.459541107910503,5.026490400963105,OSITRAN,"{'p95': True, 'eb': True, 'residual': True, 'n': 3}",-8.008285228999938,-78.40728566449994
2483,PE-22B,82.484,82.854,SELVA,5,1,1,4,0,13.513513513513347,0.3446874776866922,0.3446874776866922,4.846860276389872,0.341881105153544,13.06160823978492,38.20511880561155,3.547021890759571,SUTRAN,"{'p95': True, 'eb': True, 'residual': True, 'n': 3}",-11.18434178499993,-75.45934332899992
1632,PE-3N,4.307,4.518,SIERRA,8,0,0,8,0,37.91469194312807,0.6914293574274696,0.6914293574274696,9.198473993535224,0.22854108009800717,12.30356296666234,53.83523592951474,5.026490400963105,SUTRAN,"{'p95': True, 'eb': True, 'residual': True, 'n': 3}",-11.503558777499933,-75.93643112449993
3263,PE-10A,71.816,83.483,SIERRA,112,0,0,0,112,9.599725722122225,0.6857679134284418,0.6857679134284418,9.08685570571968,0.9424643881641059,12.250628277853759,12.998505229165891,5.026490400963105,OSITRAN,"{'p95': True, 'eb': True, 'residual': True, 'n': 3}",-7.954517509499936,-78.55904511999992
3053,PE-10A,65.573,70.424,SIERRA,50,0,0,3,47,10.307153164295993,0.6891444743150288,0.6891444743150288,9.075785451959801,0.8719726970491405,12.169641185878515,13.956447520733196,5.026490400963105,OSITRAN,"{'p95': True, 'eb': True, 'residual': True, 'n': 3}",-7.938906264499934,-78.59646159849993
767,PE-36A,124.836,124.839,SIERRA,6,100000,0,6,0,1999.9999999999243,0.6915386576734137,0.6915386576734137,9.077341727630815,0.004194351813190211,12.126296884356801,2891.1015156674653,5.026490400963105,SUTRAN,"{'p95': True, 'eb': True, 'residual': True, 'n': 3}",-16.882664637999937,-70.44756823199992
2426,PE-10A,83.483,90.996,SIERRA,72,0,0,0,72,9.583388792759228,0.6879565153043137,0.6879565153043137,8.813108010090858,0.9134071556454189,11.81055969968164,12.93022462839831,5.026490400963105,OSITRAN,"{'p95': True, 'eb': True, 'residual': True, 'n': 3}",-7.990368214999933,-78.52680866649993
2453,PE-10A,90.996,96.316,SIERRA,52,0,0,1,51,9.774436090225551,0.6890457065080791,0.6890457065080791,8.7016937568244,0.8819266659885431,11.6286161783411,13.18546839187212,5.026490400963105,OSITRAN,"{'p95': True, 'eb': True, 'residual': True, 'n': 3}",-8.001101974499932,-78.49764427599993
3112,PE-10A,36.072,41.082,SIERRA,48,0,0,0,48,9.580838323353298,0.6892687319954534,0.6892687319954534,8.474105546606738,0.8755301001274007,11.294342037065794,12.900004277890986,5.026490400963105,OSITRAN,"{'p95': True, 'eb': True, 'residual': True, 'n': 3}",-8.008620151999935,-78.74654289399993
3118,PE-3N,165.642,165.729,SIERRA,6,0,0,6,0,68.96551724136543,0.6915420782421094,0.6915420782421094,8.123326621070076,0.10885237786538143,10.746684513716737,98.72714518930626,5.026490400963105,SUTRAN,"{'p95': True, 'eb': True, 'residual': True, 'n': 3}",-10.450513243499929,-76.18150919299993
1293,PE-3S,35.123,35.374,SIERRA,7,0,0,7,0,27.888446215138913,0.6914898713103962,0.6914898713103962,7.778386487605248,0.26057682803550175,10.248735245919,39.33095403449566,5.026490400963105,SUTRAN,"{'p95': True, 'eb': True, 'residual': True, 'n': 3}",-11.72323452799995,-75.75167122499991
810,PE-34A,124.061,124.47,SIERRA,8,101,1,5,2,19.55990220048939,0.6914374190750436,0.6914374190750436,7.5741297049570955,0.3647722464766494,9.954179649532467,27.288752764719113,5.026490400963105,SUTRAN,"{'p95': True, 'eb': True, 'residual': True, 'n': 3}",-16.045483328499927,-71.32334167249991
758,PE-22,28.912,29.336,SIERRA,8,1,1,7,0,18.86792452830191,0.6914380298135806,0.6914380298135806,7.4741413642143115,0.37315810923991405,9.809560715411363,26.287947313787345,5.026490400963105,SUTRAN,"{'p95': True, 'eb': True, 'residual': True, 'n': 3}",-11.966403961499935,-76.74411869049993
2720,PE-10A,70.503,71.816,SIERRA,14,0,0,1,13,10.662604722010643,0.6911208943872285,0.6911208943872285,7.155791372398835,0.6483157963013398,9.353892394967174,14.427987792880252,5.026490400963105,OSITRAN,"{'p95': True, 'eb': True, 'residual': True, 'n': 3}",-7.927894647999921,-78.57625233999991
3134,PE-08B,31.081,31.438,SIERRA,7,1,1,6,0,19.60784313725494,0.6914941875064307,0.6914941875064307,7.007277994140983,0.33387964154248273,9.133531301846002,27.35575987697307,5.026490400963105,SUTRAN,"{'p95': True, 'eb': True, 'residual': True, 'n': 3}",-7.0889804754999375,-78.34431295999994
1025,PE-18A,122.307,122.525,SELVA,3,10,0,3,0,13.761467889908035,0.3449633927964277,0.3449633927964277,3.4890704362313207,0.23434621470233002,9.11432084995267,38.89254563607871,3.547021890759571,SUTRAN,"{'p95': True, 'eb': True, 'residual': True, 'n': 3}",-9.303776771999935,-76.00340356899991
2855,PE-34A,60.488,62.013,SIERRA,15,2,2,7,6,9.836065573770501,0.6910706330662217,0.6910706330662217,6.924675436372544,0.6816411429120218,9.020213716285912,13.233082847304209,5.026490400963105,SUTRAN,"{'p95': True, 'eb': True, 'residual': True, 'n': 3}",-16.248897409999927,-71.67706240999993
2663,PE-28B,172.031,172.29,SELVA,3,0,0,3,0,11.583011583012203,0.34496539649982666,0.34496539649982666,3.3417851681511337,0.2666673300602747,8.687305457470176,32.57731442208008,3.547021890759571,SUTRAN,"{'p95': True, 'eb': True, 'residual': True, 'n': 3}",-12.622784614999944,-73.79355430599992
451,PE-34A,119.093,124.061,SIERRA,36,10000028,8,10,18,7.246376811594198,0.6899738465513597,0.6899738465513597,6.4242678979614665,0.8746097642234595,8.310886101076676,9.502393457104459,5.026490400963105,OSITRAN,"{'p95': True, 'eb': True, 'residual': True, 'n': 3}",-16.056366466499952,-71.34404031799991
3621,PE-5N,469.96,473.073,SELVA,12,0,0,10,2,3.85480244137488,0.34382938919261746,0.34382938919261746,3.201071664888655,0.8138035334449817,8.310058318183426,10.211381465751819,3.547021890759571,SUTRAN,"{'p95': True, 'eb': True, 'residual': True, 'n': 3}",-9.196876906499938,-75.87363821299994
315,PE-34A,38.781,43.306,SIERRA,33,16,15,1,17,7.292817679558014,0.6901325435567316,0.6901325435567316,6.394875304393711,0.8640034536452068,8.266155268430733,9.567271095452282,5.026490400963105,OSITRAN,"{'p95': True, 'eb': True, 'residual': True, 'n': 3}",-16.362474999999932,-71.57920999999993
423,PE-34A,205.945,210.702,SIERRA,34,10110100006,4,12,18,7.147361782636108,0.6900830733147709,0.6900830733147709,6.306445168754566,0.8697722908153792,8.138675345943426,9.357248364757307,5.026490400963105,OSITRAN,"{'p95': True, 'eb': True, 'residual': False, 'n': 2}",-15.69527645249994,-70.81111634799993
493,PE-24A,207.299,208.253,SELVA,5,5,5,0,0,5.241090146750638,0.3447159982227219,0.3447159982227219,3.1481054723349167,0.5725439660192282,8.132461181279197,14.204081544728178,3.547021890759571,ONSV,"{'p95': True, 'eb': True, 'residual': True, 'n': 3}",-11.244293990499926,-74.6355017969999
1295,PE-3S,74.944,77.493,SIERRA,20,1,1,18,1,7.8462142016477285,0.6908178429897781,0.6908178429897781,6.283495138883816,0.7816027254908053,8.095733705559182,10.357862685900292,5.026490400963105,SUTRAN,"{'p95': True, 'eb': True, 'residual': True, 'n': 3}",-11.81337038749993,-75.48979041799993
845,PE-3N,151.092,151.095,SIERRA,4,0,0,4,0,1333.3333333395988,0.6916564265183853,0.6916564265183853,6.281224460385242,0.004194351813170427,8.081422827231227,1926.7393836290141,5.026490400963105,SUTRAN,"{'p95': True, 'eb': True, 'residual': True, 'n': 3}",-10.563053751999943,-76.19289021599994
1638,PE-34A,138.538,138.703,SIERRA,5,0,0,4,1,30.303030303031765,0.6916041394989751,0.6916041394989751,6.261166720460298,0.18808829234372973,8.053107641889087,42.815571036032914,5.026490400963105,SUTRAN,"{'p95': True, 'eb': True, 'residual': True, 'n': 3}",-15.977213575999912,-71.24999528099994
2835,PE-34A,238.311,239.618,SIERRA,12,2,2,5,5,9.181331293037575,0.6912384280795301,0.6912384280795301,6.186627633204291,0.6472708005122529,7.950063222602682,12.282437607738473,5.026490400963105,SUTRAN,"{'p95': True, 'eb': True, 'residual': True, 'n': 3}",-15.69181581199993,-70.59825432949995
411,PE-34A,119.075,119.093,SIERRA,4,0,0,4,0,222.2222222222138,0.6916570374357635,0.6916570374357635,6.152202558948889,0.024649174333837405,7.894874520119757,320.2896134854297,5.026490400963105,SUTRAN,"{'p95': True, 'eb': True, 'residual': True, 'n': 3}",-16.066831929499955,-71.36298928149992
509,PE-34A,35.922,38.781,SIERRA,21,10,8,2,11,7.345225603357813,0.6907715610908999,0.6907715610908999,6.018065079785111,0.8005605696360644,7.71209154916727,9.633364222114004,5.026490400963105,OSITRAN,"{'p95': True, 'eb': True, 'residual': True, 'n': 3}",-16.39376079449994,-71.58078079449993
1134,PE-3SB,0.0,0.048,SIERRA,4,0,0,4,0,83.33333333333333,0.6916582592737572,0.6916582592737572,5.909432689698826,0.0631373266060876,7.5438619585107585,119.48339221862764,5.026490400963105,SUTRAN,"{'p95': True, 'eb': True, 'residual': True, 'n': 3}",-11.804123262999951,-75.49000424199991
1180,PE-3N,500.622,500.679,SIERRA,4,0,0,4,0,70.17543859654106,0.6916586258259972,0.6916586258259972,5.8402941779231545,0.07409838028770346,7.443896974390392,100.45964494079094,5.026490400963105,SUTRAN,"{'p95': True, 'eb': True, 'residual': True, 'n': 3}",-10.12180449999991,-77.29337304799995
1688,PE-22,135.384,138.723,SIERRA,23,3000000010000005,3,20,0,6.888289907157776,0.6906732972716708,0.6906732972716708,5.798690379009419,0.8241905563486638,7.395706627019853,8.973296976107536,5.026490400963105,SUTRAN,"{'p95': True, 'eb': True, 'residual': False, 'n': 2}",-11.598040580999909,-76.15882492049991
3605,PE-5N,0.0,0.41,SELVA,3,1,0,3,0,7.317073170731708,0.3449727761935633,0.3449727761935633,2.8921479298937043,0.36533827821750325,7.383699032154722,20.210581459408022,3.547021890759571,SUTRAN,"{'p95': True, 'eb': True, 'residual': True, 'n': 3}",-10.961620356499935,-75.29436128899991
513,PE-34A,0.0,4.072,SIERRA,27,100000003,3,9,15,6.630648330058939,0.6904675213130679,0.6904675213130679,5.746312945180227,0.8511265206647104,7.322350824340608,8.603128496832667,5.026490400963105,OSITRAN,"{'p95': True, 'eb': True, 'residual': False, 'n': 2}",-16.52587620999995,-71.76661942049992
1150,PE-22,175.058,175.134,SIERRA,4,0,0,4,0,52.63157894737299,0.6916593996597797,0.6916593996597797,5.699519831766248,0.09641640718188123,7.2403562137228015,75.09464857018054,5.026490400963105,SUTRAN,"{'p95': True, 'eb': True, 'residual': True, 'n': 3}",-11.522809478499935,-75.90962667599993
1080,PE-3N,86.375,86.987,SIERRA,7,3,0,7,0,11.437908496732124,0.6915045710289406,0.6915045710289406,5.6579468609575185,0.46214922910629397,7.182081649205359,15.540611553316008,5.026490400963105,SUTRAN,"{'p95': True, 'eb': True, 'residual': True, 'n': 3}",-10.89619511649994,-76.07806980499993
517,PE-34A,128.84,138.538,SIERRA,58,14,9,13,36,5.980614559703027,0.6888699328548012,0.6888699328548012,5.618564349635528,0.9315820706406355,7.156204940388651,7.681776158988797,5.026490400963105,OSITRAN,"{'p95': True, 'eb': True, 'residual': False, 'n': 2}",-16.00324847299993,-71.26785913849994
1222,PE-06A,179.778,180.234,SELVA,3,0,0,3,0,6.5789473684208035,0.34497502437492933,0.34497502437492933,2.7782703534638498,0.3903282200815318,7.0535405671697005,18.070793256240496,3.547021890759571,SUTRAN,"{'p95': True, 'eb': True, 'residual': True, 'n': 3}",-6.483676641999949,-78.89882607799993
3659,PE-5N,595.103,596.31,SELVA,5,0,0,4,1,4.142502071251058,0.3447283553311964,0.3447283553311964,2.7331189485002367,0.6288922858034333,6.928326481511518,11.016714050897162,3.547021890759571,SUTRAN,"{'p95': True, 'eb': True, 'residual': True, 'n': 3}",-8.425161782999936,-76.32702889649991
628,PE-5N,633.942,635.917,SELVA,7,0,0,6,1,3.544303797468314,0.3444824636320185,0.3444824636320185,2.696199950483497,0.7349527493874112,6.826813365349183,9.288778592963135,3.547021890759571,SUTRAN,"{'p95': False, 'eb': True, 'residual': False, 'n': 1}",-8.202315125999917,-76.49388757849991
3559,PE-5S,12.892,13.388,SELVA,3,0,0,3,0,6.048387096774189,0.3449769793390666,0.3449769793390666,2.6862946498002627,0.41051189065009924,6.786880895493004,16.53272670066899,3.547021890759571,SUTRAN,"{'p95': True, 'eb': True, 'residual': True, 'n': 3}",-10.938759940999944,-75.20470046299994
3651,PE-5N,557.015,557.525,SELVA,3,0,0,3,0,5.882352941176576,0.34497766358174936,0.34497766358174936,2.6555254028445896,0.41726406888326933,6.6976734530388224,16.05140234327848,3.547021890759571,SUTRAN,"{'p95': True, 'eb': True, 'residual': True, 'n': 3}",-8.74498707899994,-76.22760832949993
901,PE-1S,956.343,963.204,SIERRA,39,10017,14,5,20,5.684302579798872,0.6898740631392701,0.6898740631392701,5.214587361314353,0.9059521591073495,6.558752589690627,7.239623553801207,5.026490400963105,OSITRAN,"{'p95': True, 'eb': True, 'residual': False, 'n': 2}",-16.50299226249993,-71.83362413499992
3140,PE-34A,28.076,35.922,SIERRA,44,14,14,1,29,5.6079530971195535,0.6896195369721465,0.6896195369721465,5.198632011202648,0.9167764689175252,6.538405936159867,7.131952180099065,5.026490400963105,OSITRAN,"{'p95': True, 'eb': True, 'residual': False, 'n': 2}",-16.416440794499948,-71.61643079449993
2894,PE-34A,43.306,60.488,SIERRA,92,29,23,5,64,5.354440693749272,0.6871697213899306,0.6871697213899306,5.168668564608643,0.9601968408860736,6.521676819744085,6.792020700386658,5.026490400963105,OSITRAN,"{'p95': True, 'eb': True, 'residual': False, 'n': 2}",-16.297337409999926,-71.63036240999995
2286,PE-28B,173.634,174.184,SELVA,3,0,0,3,0,5.454545454545342,0.34497961857579945,0.34497961857579945,2.5713742228089735,0.43573068156987843,6.453698955968865,14.811210752286401,3.547021890759571,SUTRAN,"{'p95': True, 'eb': True, 'residual': True, 'n': 3}",-12.619178397999946,-73.78790560449991
333,PE-34A,82.427,94.508,SIERRA,65,19,9,11,45,5.380349308832055,0.6885541806490748,0.6885541806490748,5.119139657267609,0.9443262878220331,6.434621415619005,6.8139810345210545,5.026490400963105,OSITRAN,"{'p95': True, 'eb': True, 'residual': False, 'n': 2}",-16.089411735499937,-71.59081831549994
571,PE-34B,296.445,301.318,SELVA,14,1,1,1,12,2.8729735276010726,0.343631650686519,0.343631650686519,2.5504242379927824,0.8724769899426346,6.421971267482078,7.360619639842105,3.547021890759571,OSITRAN,"{'p95': False, 'eb': True, 'residual': False, 'n': 1}",-13.42735527049996,-70.33068328349992
491,PE-34A,233.852,238.311,SIERRA,26,0,0,9,17,5.83090379008746,0.6905421598812309,0.6905421598812309,5.122910198279698,0.8622677463687789,6.418678389109229,7.443950462185162,5.026490400963105,OSITRAN,"{'p95': True, 'eb': True, 'residual': False, 'n': 2}",-15.690839745499916,-70.62079908899995
3632,PE-5N,450.726,454.443,SELVA,11,0,0,8,3,2.959375840731785,0.34400056355428127,0.34400056355428127,2.5388089867321,0.8391944522571314,6.380246591751559,7.602822652832116,3.547021890759571,SUTRAN,"{'p95': False, 'eb': True, 'residual': False, 'n': 1}",-9.176876832999938,-75.79362624499993
526,PE-34A,62.013,63.579,SIERRA,11,12,2,3,6,7.024265644955289,0.6913078610148601,0.6913078610148601,5.044395716857108,0.687370420639961,6.296887539296584,9.160835773867031,5.026490400963105,OSITRAN,"{'p95': True, 'eb': True, 'residual': False, 'n': 2}",-16.241632150499925,-71.67049137349991
514,PE-34A,24.305,28.076,SIERRA,22,3,2,6,14,5.833996287456907,0.6907497680572653,0.6907497680572653,5.016895550130661,0.8411313293570023,6.262971023849471,7.445889607556481,5.026490400963105,OSITRAN,"{'p95': True, 'eb': True, 'residual': False, 'n': 2}",-16.425449714499933,-71.66440612199992
1517,PE-1S,937.671,941.661,SIERRA,23,109,4,7,12,5.764411027569073,0.6906997795927353,0.6906997795927353,4.995897989308622,0.848530395069886,6.233096255299816,7.345754838618892,5.026490400963105,OSITRAN,"{'p95': True, 'eb': True, 'residual': False, 'n': 2}",-16.443923797499934,-71.97828525549994
457,PE-34A,177.784,188.03,SIERRA,54,1010,5,11,38,5.27034940464571,0.6891278550233841,0.6891278550233841,4.9725861031116585,0.9350035141700144,6.2157670987525595,6.647854264237908,5.026490400963105,OSITRAN,"{'p95': True, 'eb': True, 'residual': False, 'n': 2}",-15.765682188499936,-70.96611835549993
2045,PE-28B,137.512,138.522,SELVA,4,0,0,4,0,3.960396039603996,0.3448604179583583,0.3448604179583583,2.46516589099641,0.5864429768978403,6.148300479337925,10.484055094087985,3.547021890759571,SUTRAN,"{'p95': True, 'eb': True, 'residual': True, 'n': 3}",-12.719762779499916,-73.88672654699994
582,PE-34B,262.503,286.772,SELVA,60,1,1,2,57,2.472289752358976,0.3380400698312884,0.3380400698312884,2.41143954163546,0.9714887104251795,6.133590827971902,6.31359969719822,3.547021890759571,OSITRAN,"{'p95': False, 'eb': True, 'residual': False, 'n': 1}",-13.537490759999912,-70.42997213799993
575,PE-34B,311.282,352.361,SELVA,99,2,2,0,97,2.409990506098006,0.3332925326655893,0.3332925326655893,2.374597374775523,0.9829570155240321,6.1246641974967,6.230856589625672,3.547021890759571,OSITRAN,"{'p95': False, 'eb': True, 'residual': False, 'n': 1}",-13.282102219499931,-70.36327986849992
2718,PE-34A,109.672,112.513,SIERRA,17,1,1,5,11,5.983808518127403,0.6910064058643705,0.6910064058643705,4.92286766695034,0.7995502517052467,6.124199754403713,7.659555783194714,5.026490400963105,OSITRAN,"{'p95': True, 'eb': True, 'residual': False, 'n': 2}",-16.06251326799992,-71.42114057499992
1650,PE-1N,43.887,43.969,COSTA,13,100000000,0,13,0,158.53658536585223,2.648498516892398,2.648498516892398,18.7427534851271,0.10324236632545532,6.076746830547148,58.85904253096216,12.478043810208932,SUTRAN,"{'p95': True, 'eb': True, 'residual': True, 'n': 3}",-11.777718760499935,-77.15957010149992
1705,PE-3S,105.92,106.332,SIERRA,5,10000,0,5,0,12.135922330097324,0.691614198744694,0.691614198744694,4.88557913854158,0.3664673208428538,6.064023768466714,16.547242887905547,5.026490400963105,SUTRAN,"{'p95': True, 'eb': True, 'residual': True, 'n': 3}",-11.939034552999942,-75.30665686099991
2046,PE-28B,115.689,116.924,SIERRA,9,10000,0,9,0,7.28744939271247,0.6914121633220706,0.6914121633220706,4.87480725188684,0.6342285440604457,6.050508380507155,9.539949655641019,5.026490400963105,SUTRAN,"{'p95': True, 'eb': True, 'residual': True, 'n': 3}",-12.755509939499916,-73.99001134549994
439,PE-34A,154.118,165.867,SIERRA,60,11,9,8,43,5.106817601498002,0.6888353362463073,0.6888353362463073,4.854298969431324,0.9428429955337785,6.047110846380228,6.413698648688303,5.026490400963105,OSITRAN,"{'p95': True, 'eb': True, 'residual': False, 'n': 2}",-15.865752732499942,-71.13315909899993
1861,PE-1S,971.637,974.519,SIERRA,17,2,2,6,9,5.898681471200429,0.6910080744172763,0.6910080744172763,4.866712273862771,0.8018368052852319,6.04291665183051,7.536342323025324,5.026490400963105,OSITRAN,"{'p95': True, 'eb': False, 'residual': False, 'n': 1}",-16.570231620499925,-71.83087336199992
899,PE-1S,941.661,948.055,SIERRA,34,1000000025,5,10,19,5.317485142320922,0.6901496180870708,0.6901496180870708,4.85369486373712,0.8997716339878788,6.0328154019564595,6.70482950792571,5.026490400963105,OSITRAN,"{'p95': True, 'eb': False, 'residual': False, 'n': 1}",-16.459099073499914,-71.94409843299994
1017,PE-1S,130.695,131.0,COSTA,17,1012000011000000,0,16,1,55.73770491803154,2.6477952329330607,2.6477952329330607,18.565672760284336,0.2998286797202667,6.01174793630792,20.050610041430136,12.478043810208932,SUTRAN,"{'p95': True, 'eb': False, 'residual': True, 'n': 2}",-13.023346107999911,-76.47535851199993
363,PE-1S,981.845,993.158,SIERRA,57,200100015,14,9,34,5.0384513391673345,0.6889944105659888,0.6889944105659888,4.780835837560507,0.9407706511788199,5.93886011881169,6.312760832164654,5.026490400963105,OSITRAN,"{'p95': True, 'eb': False, 'residual': False, 'n': 1}",-16.687519423499936,-71.87082018049992
1511,PE-1S,857.387,866.043,SIERRA,44,1000100004,1,17,26,5.083179297597006,0.6896524460972485,0.6896524460972485,4.749148962002462,0.9239721647585878,5.886293217515507,6.3706391188239495,5.026490400963105,OSITRAN,"{'p95': True, 'eb': False, 'residual': False, 'n': 1}",-16.548130880999935,-72.57582084649991
480,PE-34A,63.579,67.67,SIERRA,22,6,3,4,15,5.377658274260571,0.6907627869995546,0.6907627869995546,4.682663913030486,0.8517154130876015,5.778975360514759,6.785101304630699,5.026490400963105,OSITRAN,"{'p95': True, 'eb': False, 'residual': False, 'n': 1}",-16.226357150499922,-71.66193137349993
1687,PE-22,17.887,19.004,SIERRA,8,7,7,1,0,7.1620411817367895,0.6914662471104033,0.6914662471104033,4.6426165812577045,0.6106335795608002,5.714162261222331,9.357759632760873,5.026490400963105,ONSV,"{'p95': True, 'eb': False, 'residual': True, 'n': 2}",-11.995909690499929,-76.83005619049993
580,PE-34B,290.728,291.855,SELVA,4,1,0,1,3,3.5492457852706,0.344866134839825,0.344866134839825,2.308351582824046,0.6127505670934664,5.69347132009982,9.291662261703564,3.547021890759571,OSITRAN,"{'p95': True, 'eb': False, 'residual': False, 'n': 1}",-13.427168664999924,-70.37361310249992
1305,PE-3S,1312.95,1314.101,SIERRA,8,8,7,0,1,6.950477845351462,0.6914676315680732,0.6914676315680732,4.557899993371763,0.6177386247571794,5.591631748597693,9.051776146902986,5.026490400963105,ONSV,"{'p95': True, 'eb': False, 'residual': False, 'n': 1}",-15.471625971499948,-70.13757787299994
2569,PE-22,76.448,77.173,SIERRA,6,0,0,6,0,8.27586206896542,0.6915680593803513,0.6915680593803513,4.517362041516182,0.504436402030403,5.532057084249614,10.966807831438365,5.026490400963105,SUTRAN,"{'p95': True, 'eb': False, 'residual': True, 'n': 2}",-11.843051334499933,-76.38399404449993
69,PE-1S,910.993,912.609,SIERRA,10,1,1,4,5,6.188118811881244,0.6913687865872996,0.6913687865872996,4.506576457229147,0.694084259441619,5.518339480545957,7.950532526101923,5.026490400963105,OSITRAN,"{'p95': True, 'eb': False, 'residual': False, 'n': 1}",-16.367732624999945,-72.16357976499992
2783,PE-1S,866.043,867.243,SIERRA,8,0,0,4,4,6.666666666666414,0.6914696268256437,0.6914696268256437,4.4411077534706545,0.6275338037630526,5.422708360826519,8.641300800544686,5.026490400963105,SUTRAN,"{'p95': True, 'eb': False, 'residual': False, 'n': 1}",-16.540362677999923,-72.53181003949993
2597,PE-34A,124.47,128.84,SIERRA,22,1,1,5,16,5.0343249427917565,0.690774138290332,0.690774138290332,4.425601437174337,0.8598557878069317,5.406727165738593,6.28794647010342,5.026490400963105,OSITRAN,"{'p95': True, 'eb': False, 'residual': False, 'n': 1}",-16.03680860949993,-71.30350063749992
3306,PE-3N,148.299,149.066,SIERRA,6,10000,0,5,1,7.822685788787526,0.6915697698059025,0.6915697698059025,4.3891022494606124,0.5185068465879125,5.3465791032081516,10.311491812291127,5.026490400963105,SUTRAN,"{'p95': True, 'eb': False, 'residual': True, 'n': 2}",-10.58258866299994,-76.1865198879999
2785,PE-1S,963.204,965.139,SIERRA,11,4,4,1,6,5.684754521963651,0.6913228837043854,0.6913228837043854,4.3412611362324895,0.7309478765189404,5.27964333101527,7.223009328871706,5.026490400963105,OSITRAN,"{'p95': True, 'eb': False, 'residual': False, 'n': 1}",-16.519578365999934,-71.79690725399993
2551,PE-3N,21.601,22.858,SIERRA,8,0,0,7,1,6.36435958631662,0.6914719478540405,0.6914719478540405,4.312560438809478,0.6383148621531303,5.236782926904499,8.2040748812272,5.026490400963105,SUTRAN,"{'p95': True, 'eb': False, 'residual': False, 'n': 1}",-11.399563647499916,-75.88485430749992
3271,PE-34A,298.424,300.885,SIERRA,13,3,3,1,9,5.282405526208831,0.6912265133972236,0.6912265133972236,4.251897797984313,0.775546166823619,5.151236556432401,6.642075967611529,5.026490400963105,OSITRAN,"{'p95': True, 'eb': False, 'residual': False, 'n': 1}",-15.490108140499927,-70.14153935999994
1416,PE-28B,63.744,64.09,SIERRA,4,0,0,4,0,11.560693641618375,0.691670396432248,0.691670396432248,4.245358682989038,0.32695562484243584,5.137834877547616,15.714165737395113,5.026490400963105,SUTRAN,"{'p95': True, 'eb': False, 'residual': True, 'n': 2}",-12.946252190999928,-74.02338996549992
1774,PE-5N,39.98,40.812,SELVA,3,1,0,2,1,3.6057692307692277,0.3449934019126378,0.3449934019126378,2.101813692949867,0.538773710075393,5.0923301179021,9.451704904438467,3.547021890759571,SUTRAN,"{'p95': True, 'eb': False, 'residual': True, 'n': 2}",-10.735453104999948,-75.26763414149991
774,PE-1N,0.0,0.533,COSTA,18,13,7,9,2,33.771106941838646,2.6477134802282434,2.6477134802282434,15.969376522037571,0.4280273312176297,5.031383924767021,11.754819278605419,12.478043810208932,SUTRAN,"{'p95': True, 'eb': False, 'residual': True, 'n': 2}",-12.056164665999916,-76.97416295899993
855,PE-1S,184.559,185.033,COSTA,17,1,1,15,1,35.86497890295438,2.6478875412703573,2.6478875412703573,15.920750239100872,0.3995793175660403,5.012623267022395,12.544751559104245,12.478043810208932,SUTRAN,"{'p95': True, 'eb': False, 'residual': True, 'n': 2}",-13.403859289999929,-76.19368086249992
2546,PE-3N,71.966,73.085,SIERRA,7,0,0,6,1,6.255585344057195,0.6915252168412672,0.6915252168412672,4.091493270001901,0.6110588267244094,4.916621939964718,8.046069748014848,5.026490400963105,SUTRAN,"{'p95': True, 'eb': False, 'residual': False, 'n': 1}",-10.99707748399993,-76.02045009649993
2727,PE-08,90.33,91.707,SIERRA,8,0,0,2,6,5.809731299927398,0.6914768342805453,0.6914768342805453,4.064861804945379,0.6590889517718617,4.878522032013856,7.401917478511334,5.026490400963105,OSITRAN,"{'p95': True, 'eb': False, 'residual': False, 'n': 1}",-7.222566882999928,-78.84311567399993
2682,PE-08,176.28,177.43,SIERRA,7,2,2,0,5,6.086956521739101,0.6915264792484846,0.6915264792484846,4.023384500079569,0.6175333559311699,4.818120666112418,7.802203103421422,5.026490400963105,OSITRAN,"{'p95': True, 'eb': False, 'residual': False, 'n': 1}",-7.178094639999927,-78.49606580149992
2951,PE-34A,67.67,68.584,SIERRA,6,0,0,3,3,6.5645514223194645,0.6915757563619597,0.6915757563619597,3.992364524413714,0.562030043336406,4.772852052269129,8.492165336813345,5.026490400963105,SUTRAN,"{'p95': True, 'eb': False, 'residual': False, 'n': 1}",-16.214344643499942,-71.65407176049993
3258,PE-28A,311.268,311.438,SIERRA,3,0,0,3,0,17.64705882352776,0.6917221131276154,0.6917221131276154,3.958840429673684,0.1926896747819858,4.723165928256684,24.511774871178744,5.026490400963105,SUTRAN,"{'p95': True, 'eb': False, 'residual': True, 'n': 2}",-13.24128042749993,-74.30175218999992
2805,PE-1S,965.139,965.817,SIERRA,5,2,2,1,2,7.374631268436608,0.6916250321057993,0.6916250321057993,3.9508130220900233,0.4876829191429314,4.7123626801952705,9.662759336490435,5.026490400963105,ONSV,"{'p95': True, 'eb': False, 'residual': True, 'n': 2}",-16.525603663499936,-71.78642192399994
66,PE-1S,905.9,907.611,SIERRA,9,4,3,1,5,5.260081823494993,0.691431544852586,0.691431544852586,3.917251588585961,0.706077254110144,4.6654221487987275,6.60752364084929,5.026490400963105,OSITRAN,"{'p95': True, 'eb': False, 'residual': False, 'n': 1}",-16.39200251649993,-72.20351447299993
2817,PE-18A,49.933,50.629,SIERRA,5,0,0,5,0,7.183908045977033,0.6916257652026454,0.6916257652026454,3.9003147197537484,0.4942312758108195,4.639342713918359,9.386987309346635,5.026490400963105,SUTRAN,"{'p95': True, 'eb': False, 'residual': True, 'n': 2}",-9.701478362499929,-76.08717047899992
1458,PE-3N,3.786,3.976,SIERRA,3,0,0,3,0,15.789473684210531,0.6917229277697289,0.6917229277697289,3.871085993099983,0.21058521342816025,4.596295623135176,21.826298002177495,5.026490400963105,SUTRAN,"{'p95': True, 'eb': False, 'residual': True, 'n': 2}",-11.506248801499936,-75.93241167599993
3426,PE-34H,68.663,68.865,SIERRA,3,2,0,3,0,14.851485148514985,0.6917234165559181,0.6917234165559181,3.820276251183872,0.22094671463056495,4.522837827588631,20.470265127730297,5.026490400963105,SUTRAN,"{'p95': True, 'eb': False, 'residual': True, 'n': 2}",-15.063653945499937,-69.80625534149993
2787,PE-1S,1290.882,1291.614,SIERRA,5,0,0,3,2,6.830601092896447,0.6916272314009999,0.6916272314009999,3.803094348960287,0.5068383068178332,4.4987631722604675,8.87613093119539,5.026490400963105,SUTRAN,"{'p95': True, 'eb': False, 'residual': False, 'n': 1}",-18.009727692499922,-70.25843553299993
1288,PE-3S,172.149,172.381,SIERRA,3,3,0,3,0,12.931034482758658,0.6917246385244128,0.6917246385244128,3.698901921868737,0.2456982723385306,4.347361819812051,17.693904716684873,5.026490400963105,SUTRAN,"{'p95': True, 'eb': False, 'residual': True, 'n': 2}",-12.38539821449993,-75.05602464449993
2454,PE-1N,3.2,4.187,COSTA,22,108,7,11,4,22.289766970618032,2.6471362435905044,2.6471362435905044,14.05646629789439,0.5808453161319717,4.3100652948745015,7.420332359011788,12.478043810208932,SUTRAN,"{'p95': True, 'eb': False, 'residual': False, 'n': 1}",-12.032100967999952,-76.99256841499994
301,PE-1S,21.963,25.947,COSTA,62,999999999999999983222784,24,26,12,15.562248995983943,2.64051657265284,2.64051657265284,13.602498677708923,0.8483368751130806,4.15145362789484,4.893638069595247,12.478043810208932,SUTRAN,"{'p95': True, 'eb': False, 'residual': False, 'n': 1}",-12.24720080949993,-76.93705052549993
2781,PE-1S,965.817,966.67,SIERRA,5,1,1,1,3,5.861664712778761,0.6916321595021416,0.6916321595021416,3.509101941012768,0.5449617101008377,4.073653520592115,7.475118792911782,5.026490400963105,OSITRAN,"{'p95': True, 'eb': False, 'residual': False, 'n': 1}",-16.528239133499937,-71.78681919649992
2332,PE-1N,5.809,7.877,COSTA,34,1000020,18,8,8,16.441005802707934,2.6452504897861115,2.6452504897861115,12.906790560295688,0.7438186483996336,3.8792318951009057,5.215292603173211,12.478043810208932,ONSV,"{'p95': True, 'eb': False, 'residual': False, 'n': 1}",-12.038756613999936,-77.01759955649993
2790,PE-1S,185.033,185.087,COSTA,8,0,0,8,0,148.14814814814252,2.6495145612844264,2.6495145612844264,12.903284204126374,0.07047330541919329,3.8700559689965037,54.91520435967091,12.478043810208932,SUTRAN,"{'p95': True, 'eb': False, 'residual': True, 'n': 2}",-13.40603667849993,-76.19269541849991
3480,PE-1NA,19.37,22.85,COSTA,49,4,4,6,39,14.08045977011494,2.6429252550642697,2.6429252550642697,12.137264345666889,0.8301036449865137,3.592360045903659,4.32760423062836,12.478043810208932,OSITRAN,"{'p95': True, 'eb': False, 'residual': False, 'n': 1}",-11.625094073499952,-77.22245769099993
287,PE-1N,42.758,42.874,COSTA,8,1000100,0,8,0,68.96551724137952,2.6495484453689406,2.6495484453689406,11.937414212539826,0.14005473999393073,3.505452328454248,25.02915880323762,12.478043810208932,SUTRAN,"{'p95': True, 'eb': False, 'residual': True, 'n': 2}",-11.785798312499937,-77.15348749349994
3042,PE-1S,605.303,606.35,COSTA,19,0,0,16,3,18.147086914994784,2.6477879427609885,2.6477879427609885,11.872053005474719,0.5951407918021668,3.483762771838556,5.853678356157124,12.478043810208932,SUTRAN,"{'p95': True, 'eb': False, 'residual': False, 'n': 1}",-15.824341024499915,-74.30004080599991
2664,PE-10A,20.181,25.341,COSTA,66,109,9,7,50,12.790697674418604,2.640331819112223,2.640331819112223,11.559555177107878,0.8787095445759608,3.3780691098873423,3.844352358227197,12.478043810208932,OSITRAN,"{'p95': True, 'eb': False, 'residual': False, 'n': 1}",-8.050514750999923,-78.85288914949993
2550,PE-1N,74.805,77.772,COSTA,38,10015,8,19,11,12.80754971351534,2.6449157382269406,2.6449157382269406,10.840214999257267,0.8064148803310369,3.0985105281743945,3.8423280667916764,12.478043810208932,SUTRAN,"{'p95': True, 'eb': False, 'residual': False, 'n': 1}",-11.605422432999944,-77.24090930099993
2083,PE-22,75.92,76.448,SIERRA,3,0,0,3,0,5.681818181818272,0.6917366955116805,0.6917366955116805,2.8161214225456215,0.42572145021349217,3.0710886683010576,7.213845266102889,5.026490400963105,SUTRAN,"{'p95': True, 'eb': False, 'residual': False, 'n': 1}",-11.846196599999928,-76.38839586199992
2383,PE-1N,21.715,22.367,COSTA,12,10,8,2,2,18.404907975460095,2.649016240443783,2.649016240443783,10.179058098829142,0.47791911654548846,2.842580480791567,5.947827534789582,12.478043810208932,ONSV,"{'p95': True, 'eb': False, 'residual': False, 'n': 1}",-11.937445269499932,-77.07170407599992
3371,PE-1SD,19.967,20.33,COSTA,9,0,0,9,0,24.793388429752095,2.6494771624825697,2.6494771624825697,10.12518779053689,0.3375966665430067,2.821579568192825,8.357841909654583,12.478043810208932,SUTRAN,"{'p95': True, 'eb': False, 'residual': False, 'n': 1}",-16.693612584999926,-72.48163283649993
2470,PE-1S,12.637,14.27,COSTA,21,10011,11,5,5,12.859767299448874,2.647695422753207,2.647695422753207,9.758378955623002,0.6963017513710065,2.6856123524494175,3.856966246546834,12.478043810208932,ONSV,"{'p95': True, 'eb': False, 'residual': False, 'n': 1}",-12.174437877999935,-76.97807939099994
771,PE-1N,33.074,33.619,COSTA,10,2,2,6,2,18.348623853210952,2.6493703470085164,2.6493703470085164,9.454786615939177,0.4334866155414324,2.5686919447161705,5.9256545706903285,12.478043810208932,SUTRAN,"{'p95': True, 'eb': False, 'residual': False, 'n': 1}",-11.848574448999926,-77.09459858749995
1018,PE-1S,150.23,151.0,COSTA,12,1000000010,0,10,2,15.584415584415376,2.649080726077935,2.649080726077935,9.36874615158754,0.5194813662808628,2.5366027389653487,4.882952312853334,12.478043810208932,SUTRAN,"{'p95': True, 'eb': False, 'residual': False, 'n': 1}",-13.161498673999944,-76.36882259749993
2359,PE-1N,22.738,22.741,COSTA,4,0,0,4,0,1333.3333333332828,2.650311753516922,2.650311753516922,8.231664497861441,0.004194351813190211,2.1059231001553504,502.085469686338,12.478043810208932,SUTRAN,"{'p95': True, 'eb': False, 'residual': True, 'n': 2}",-11.93122800699993,-77.07229383299992
1022,PE-1S,6.811,7.692,COSTA,11,7,6,2,3,12.485811577752552,2.649347692514503,2.649347692514503,8.088505279193333,0.5529586292530976,2.0530176548916876,3.712787080770902,12.478043810208932,ONSV,"{'p95': True, 'eb': False, 'residual': False, 'n': 1}",-12.12019861199994,-76.9772754089999
2221,PE-1NA,0.0,0.58,COSTA,8,2,2,0,6,13.793103448275863,2.6498020570014194,2.6498020570014194,7.651254478311681,0.4488304000488182,1.887481522665141,4.205333512301849,12.478043810208932,OSITRAN,"{'p95': True, 'eb': False, 'residual': False, 'n': 1}",-11.779317122999911,-77.15883166299992
844,PE-10,0.0,0.058,COSTA,4,0,0,4,0,68.9655172413793,2.6503418206633382,2.6503418206633382,7.643905260895981,0.07530046340905436,1.8841205316613967,25.021367019035427,12.478043810208932,SUTRAN,"{'p95': True, 'eb': False, 'residual': True, 'n': 2}",-8.17553722349993,-78.99668540949995
231,PE-1N,36.019,36.233,COSTA,5,3,2,2,1,23.36448598130856,2.650220830764608,2.650220830764608,7.436039244476832,0.23103973898811225,1.8058187295778976,7.816052500261927,12.478043810208932,ONSV,"{'p95': True, 'eb': False, 'residual': False, 'n': 1}",-11.833019562999937,-77.11403950249993
1016,PE-1S,65.391,65.887,COSTA,7,0,0,6,1,14.11290322580659,2.649962427922558,2.649962427922558,7.35563592727206,0.41051189065009663,1.7757510256620965,4.325699367319114,12.478043810208932,SUTRAN,"{'p95': True, 'eb': False, 'residual': False, 'n': 1}",-12.530277056499926,-76.72252080199993
1414,PE-1S,3.84,4.088,COSTA,5,112,1,3,1,20.161290322580626,2.650239417818639,2.650239417818639,7.172761210777544,0.25826672639784526,1.7064578251127613,6.607346788002647,12.478043810208932,SUTRAN,"{'p95': True, 'eb': False, 'residual': False, 'n': 1}",-12.090729627999934,-76.98100505699992
2457,PE-20,7.961,8.073,COSTA,4,10,0,4,0,35.71428571428568,2.6503713417980883,2.6503713417980883,7.1431457004887,0.13588150235560248,1.695149010946739,12.47520068265456,12.478043810208932,SUTRAN,"{'p95': True, 'eb': False, 'residual': True, 'n': 2}",-11.997337467499932,-77.12627919399992
3242,PE-1N,446.008,446.124,COSTA,4,101,1,3,0,34.48275862067708,2.6503735285749723,2.6503735285749723,7.10864994603742,0.140054739993975,1.6821313559751447,12.010527855376463,12.478043810208932,SUTRAN,"{'p95': True, 'eb': False, 'residual': True, 'n': 2}",-8.965982304499931,-78.62209075099994
1464,PE-1S,21.526,21.963,COSTA,6,1,1,4,1,13.729977116704768,2.6501364602646924,2.6501364602646924,6.863232432888671,0.38024878725806827,1.5897656727469724,4.18085665495634,12.478043810208932,SUTRAN,"{'p95': True, 'eb': False, 'residual': False, 'n': 1}",-12.237083301999943,-76.95451019649994
1910,PE-22A,0.0,0.226,COSTA,4,0,0,4,0,17.699115044247787,2.6504336663534094,2.6504336663534094,6.275278590144452,0.24087458779715576,1.3676421975043327,5.677818527938886,12.478043810208932,SUTRAN,"{'p95': True, 'eb': False, 'residual': False, 'n': 1}",-12.676611300999925,-76.65036398549992
1529,PE-1N,26.375,26.763,COSTA,5,4,4,0,1,12.886597938144273,2.650315955494082,2.650315955494082,6.260119301340637,0.35264790008373437,1.3620275493431129,3.862287423290219,12.478043810208932,ONSV,"{'p95': True, 'eb': False, 'residual': False, 'n': 1}",-11.89824540199993,-77.06778399349992
1015,PE-1S,238.619,238.832,COSTA,3,0,0,2,1,14.084507042253927,2.6506328339479186,2.6506328339479186,5.282809614525303,0.2302086530447632,0.9930371143320347,4.313639392777049,12.478043810208932,SUTRAN,"{'p95': True, 'eb': False, 'residual': False, 'n': 1}",-13.821324568499932,-76.14410223949994
